EmployeeID;EmployeeName;RestaurantID
EMP11001;Weylin Simcox;RE10100
EMP11002;Audra O' Connell;RE10101
EMP11003;Charline Minkin;RE10102
EMP11004;Pattin Motion;RE10103
EMP11005;Benedicta Heffy;RE10104
EMP11006;Ingra Ivan;RE10105
EMP11007;Natalie Dyne;RE10106
EMP11008;Shaina Hauch;RE10107
EMP11009;Warner Ellings;RE10108
EMP11010;Johna Kohrsen;RE10109
EMP11011;Swen Puvia;RE10110
EMP11012;Kippar Emmitt;RE10111
EMP11013;Myrtie Amori;RE10112
EMP11014;Felicity Fawdery;RE10113
EMP11015;Jilly Strevens;RE10114
EMP11016;Tucker Burgoin;RE10115
EMP11017;Kathe Dinley;RE10116
EMP11018;Angele Troughton;RE10117
EMP11019;Cecil Cappell;RE10118
EMP11020;Monro Dablin;RE10119
EMP11021;Teodor Barczynski;RE10120
EMP11022;Aubrette Peetermann;RE10121
EMP11023;Zane Danielovitch;RE10122
EMP11024;Wilt Jeffery;RE10123
EMP11025;Timmie Dovermann;RE10124
EMP11026;Mabelle Gagin;RE10125
EMP11027;Ossie Sextie;RE10126
EMP11028;Joly Abley;RE10127
EMP11029;Rowena Dake;RE10128
EMP11030;Willey Falkinder;RE10129
EMP11031;Florina Bauman;RE10130
EMP11032;Paddie Healey;RE10131
EMP11033;Brittani Smaile;RE10132
EMP11034;Frederica Bowness;RE10133
EMP11035;Roselin Portman;RE10134
EMP11036;Eloise Oertzen;RE10135
EMP11037;Vincent Sangwin;RE10136
EMP11038;Gene Dudney;RE10137
EMP11039;Marilyn Scrowton;RE10138
EMP11040;Sammy Rambaut;RE10139
EMP11041;Prisca Gowers;RE10140
EMP11042;Griswold Wyvill;RE10141
EMP11043;Simmonds Cassius;RE10142
EMP11044;Perrine Brookton;RE10143
EMP11045;Rustin Burkin;RE10144
EMP11046;Rutger Tempest;RE10145
EMP11047;Rubie McCoy;RE10146
EMP11048;Kristian Redman;RE10147
EMP11049;Janeczka Mackie;RE10148
EMP11050;Gabbey Meininking;RE10149
EMP11051;Tasha Pocknell;RE10150
EMP11052;Lorelle Bayfield;RE10151
EMP11053;Daren Batram;RE10152
EMP11054;Coletta Bragger;RE10153
EMP11055;Carlotta Hariot;RE10154
EMP11056;Simone Gatty;RE10155
EMP11057;Staffard Iowarch;RE10156
EMP11058;Justina Dooley;RE10157
EMP11059;Lurleen Folca;RE10158
EMP11060;Caty Gudd;RE10159
EMP11061;Adore Winning;RE10160
EMP11062;Rasla Selman;RE10161
EMP11063;Anderea Mustarde;RE10162
EMP11064;Thatch Camplen;RE10163
EMP11065;Emmalynn Reimer;RE10164
EMP11066;Benita Mackriell;RE10165
EMP11067;Shell Carme;RE10166
EMP11068;Matilde Pfertner;RE10167
EMP11069;Lindie Lundy;RE10168
EMP11070;Rebeca Roscam;RE10169
EMP11071;Benny Whitcher;RE10170
EMP11072;Belva Scirman;RE10171
EMP11073;Norma Gamlin;RE10172
EMP11074;Drud Lochet;RE10173
EMP11075;Sigrid Bellon;RE10174
EMP11076;Bobbye Nelane;RE10175
EMP11077;Marshal Farmloe;RE10176
EMP11078;Nerissa Gulleford;RE10177
EMP11079;Anstice Twelves;RE10178
EMP11080;Blair Korneluk;RE10179
EMP11081;Dalston Masserel;RE10180
EMP11082;Wallie Dymott;RE10181
EMP11083;Katie Starton;RE10182
EMP11084;Shanan Symcoxe;RE10183
EMP11085;Thibaud Mochar;RE10184
EMP11086;Gustaf Templeman;RE10185
EMP11087;Claresta Povele;RE10186
EMP11088;Reg Beisley;RE10187
EMP11089;Carmon Gair;RE10188
EMP11090;Mariana Vallentin;RE10189
EMP11091;Michale Beig;RE10190
EMP11092;Winifred Deschlein;RE10191
EMP11093;Madelena Hadwick;RE10192
EMP11094;Ardra Tosspell;RE10193
EMP11095;Bernardo Dishman;RE10194
EMP11096;Marylou Scarborough;RE10195
EMP11097;Nicolle Dossit;RE10196
EMP11098;Adrianna Rapps;RE10197
EMP11099;Shantee Dows;RE10198
EMP11100;Georgette Dagwell;RE10199
EMP11101;Tasha Wapple;RE10200
EMP11102;Kimbell Loins;RE10201
EMP11103;Amabel Stowell;RE10202
EMP11104;Salomone Hardan;RE10203
EMP11105;Francyne Balfre;RE10204
EMP11106;Ruben Kuschke;RE10205
EMP11107;Huberto Marzelle;RE10206
EMP11108;Rich Boyce;RE10207
EMP11109;Larissa Allam;RE10208
EMP11110;Hamid Ariss;RE10209
EMP11111;Umberto Spain;RE10210
EMP11112;Cicely Uman;RE10211
EMP11113;Kenton Corinton;RE10212
EMP11114;Sylvan Aves;RE10213
EMP11115;Guenevere Staveley;RE10214
EMP11116;Shurlock Wheal;RE10215
EMP11117;Carlyle McLenaghan;RE10216
EMP11118;Davide Tompkin;RE10217
EMP11119;Cornie Mordecai;RE10218
EMP11120;Gwyn Phelipeau;RE10219
EMP11121;Shermy Eschelle;RE10220
EMP11122;Randa Feehily;RE10221
EMP11123;Eleanor Ankers;RE10222
EMP11124;Hailee Paradin;RE10223
EMP11125;Ezekiel Sharpus;RE10224
EMP11126;Sheeree Schollar;RE10225
EMP11127;Carissa Borg-Bartolo;RE10226
EMP11128;Lexie Kingham;RE10227
EMP11129;Oralee Bennell;RE10228
EMP11130;Sibeal Woodworth;RE10229
EMP11131;Marylinda covino;RE10230
EMP11132;Danell Joret;RE10231
EMP11133;Masha Sherme;RE10232
EMP11134;Sebastiano Tollet;RE10233
EMP11135;Howie Peedell;RE10234
EMP11136;Eyde Hughson;RE10235
EMP11137;Dominik Clawley;RE10236
EMP11138;Deanne Wavish;RE10237
EMP11139;Alasteir Swancock;RE10238
EMP11140;Gracie Huller;RE10239
EMP11141;Samaria Huckerby;RE10240
EMP11142;Zsa zsa Renvoys;RE10241
EMP11143;Nedda Grundon;RE10242
EMP11144;Georgena McConnal;RE10243
EMP11145;Almire Fain;RE10244
EMP11146;Ros Fourcade;RE10245
EMP11147;Paule Squier;RE10246
EMP11148;Tuesday Haynesford;RE10247
EMP11149;Goldie Simononsky;RE10248
EMP11150;Gabi Coltart;RE10249
EMP11151;Kermit Osgarby;RE10250
EMP11152;Roberta Whartonby;RE10251
EMP11153;Madalena Gabbat;RE10252
EMP11154;Jaclin Ray;RE10253
EMP11155;Ari Robardey;RE10254
EMP11156;Lurline Samet;RE10255
EMP11157;Dall Larmuth;RE10256
EMP11158;Montague Ferns;RE10257
EMP11159;Dyanna Milton;RE10258
EMP11160;Madelene Skalls;RE10259
EMP11161;Molly Maker;RE10260
EMP11162;Danyelle Castille;RE10261
EMP11163;Lem Dye;RE10262
EMP11164;Aldrich Shooter;RE10263
EMP11165;Irwin Heasley;RE10264
EMP11166;Sindee Petrou;RE10265
EMP11167;Trudey Tomczynski;RE10266
EMP11168;Yolanda Musso;RE10267
EMP11169;Kass Pinchin;RE10268
EMP11170;Diahann Daffern;RE10269
EMP11171;Dalt Krysztowczyk;RE10270
EMP11172;Klarika Licciardo;RE10271
EMP11173;Allie Attridge;RE10272
EMP11174;Esdras Vannoort;RE10273
EMP11175;Cosimo Tunsley;RE10274
EMP11176;Tobias Bloor;RE10275
EMP11177;Torrin Hockey;RE10276
EMP11178;Carolus Atherley;RE10277
EMP11179;Neila Broadey;RE10278
EMP11180;Bettina Sansum;RE10279
EMP11181;Tammie Hutchcraft;RE10280
EMP11182;Keelby Bruneton;RE10281
EMP11183;Rora Friman;RE10282
EMP11184;Lurleen Coffelt;RE10283
EMP11185;Paolina Brunicke;RE10284
EMP11186;Rhianna Duffield;RE10285
EMP11187;Sharla Audley;RE10286
EMP11188;Benjamen Harrill;RE10287
EMP11189;Urbano Donovan;RE10288
EMP11190;Vivienne Cosgriff;RE10289
EMP11191;Winnifred Abbet;RE10290
EMP11192;Alysa Di Baudi;RE10291
EMP11193;Chris Bettaney;RE10292
EMP11194;Salomi Feltham;RE10293
EMP11195;Daffie O'Rodane;RE10294
EMP11196;Yorker Rait;RE10295
EMP11197;Rolfe Say;RE10296
EMP11198;Moise Arney;RE10297
EMP11199;Malchy Vokes;RE10298
EMP11200;Muire Gabbetis;RE10299
EMP11201;Micky Aubrun;RE10300
EMP11202;Dawn Cowill;RE10301
EMP11203;Gabriella Adam;RE10302
EMP11204;Marlon McMichael;RE10303
EMP11205;Wenda Bedson;RE10304
EMP11206;Elisha Muff;RE10305
EMP11207;Melodee Mendonca;RE10306
EMP11208;Micheal O'Downe;RE10307
EMP11209;Tabbi Ballinger;RE10308
EMP11210;Ajay Giovannilli;RE10309
EMP11211;Cello Woodrough;RE10310
EMP11212;Eldridge Horche;RE10311
EMP11213;Dominik Weitzel;RE10312
EMP11214;Rosina Novelli;RE10313
EMP11215;Ricardo Leddie;RE10314
EMP11216;Loria Molnar;RE10315
EMP11217;Dallas Antoszczyk;RE10316
EMP11218;Alanson Gaskal;RE10317
EMP11219;Alonso McGowan;RE10318
EMP11220;Ethan Baselli;RE10319
EMP11221;Randy Shoulder;RE10320
EMP11222;Staci Kauschke;RE10321
EMP11223;Joly Bompas;RE10322
EMP11224;Elva Leasor;RE10323
EMP11225;Herman Gedge;RE10324
EMP11226;Ruprecht Arnaudon;RE10325
EMP11227;Golda Hansill;RE10326
EMP11228;Daffie Landrick;RE10327
EMP11229;Jack Foukx;RE10328
EMP11230;Alic Lepard;RE10329
EMP11231;Thekla Eyles;RE10330
EMP11232;Marshall Loy;RE10331
EMP11233;Stewart Matteau;RE10332
EMP11234;Kalli Brabon;RE10333
EMP11235;Whitney Keaton;RE10334
EMP11236;Corey Proger;RE10335
EMP11237;Willis Haldenby;RE10336
EMP11238;Tasha Pilbeam;RE10337
EMP11239;Madelin Gwyneth;RE10338
EMP11240;Jeffie Olivelli;RE10339
EMP11241;Libbie Voules;RE10340
EMP11242;Jarrad McNaught;RE10341
EMP11243;Barbaraanne Kensit;RE10342
EMP11244;Dene Moxsom;RE10343
EMP11245;Drucill Hayman;RE10344
EMP11246;Luise Cometson;RE10345
EMP11247;Tarra Laflin;RE10346
EMP11248;Devin Cowe;RE10347
EMP11249;Morse Carlill;RE10348
EMP11250;Bunni Delmage;RE10349
EMP11251;Jacynth Roncelli;RE10350
EMP11252;Calla Cuxon;RE10351
EMP11253;Minnie Cashman;RE10352
EMP11254;Doro Eglington;RE10353
EMP11255;Barbra McLanachan;RE10354
EMP11256;Edgardo Wait;RE10355
EMP11257;Corey Ioannou;RE10356
EMP11258;Aime Lere;RE10357
EMP11259;Olivero Powles;RE10358
EMP11260;Thedrick Ginnaly;RE10359
EMP11261;Garret Brookbank;RE10360
EMP11262;Steve Beeckx;RE10361
EMP11263;Kanya Assante;RE10362
EMP11264;Adrianna Howsan;RE10363
EMP11265;Bunni Divine;RE10364
EMP11266;Salmon Laugherane;RE10365
EMP11267;Liam Heal;RE10366
EMP11268;Ira Pargetter;RE10367
EMP11269;Moreen Dorrell;RE10368
EMP11270;Sullivan Poplee;RE10369
EMP11271;Eulalie Grishanin;RE10370
EMP11272;Nedi Quickfall;RE10371
EMP11273;Karina Bunce;RE10372
EMP11274;Jonas MacGeffen;RE10373
EMP11275;Ilyse Bell;RE10374
EMP11276;Luke Bartosik;RE10375
EMP11277;Sherrie Rutland;RE10376
EMP11278;Elysee Cawood;RE10377
EMP11279;Hildegarde Keme;RE10378
EMP11280;Francis Annakin;RE10379
EMP11281;Alfonse Scandred;RE10380
EMP11282;Jenica Tackett;RE10381
EMP11283;Stephannie Knewstub;RE10382
EMP11284;Cleve Sibery;RE10383
EMP11285;Hamel Cassella;RE10384
EMP11286;Chloris Adney;RE10385
EMP11287;Lizbeth Haggidon;RE10386
EMP11288;Kristen Heighton;RE10387
EMP11289;Shaina Ellershaw;RE10388
EMP11290;Kyrstin Urwen;RE10389
EMP11291;Sada Jenkinson;RE10390
EMP11292;Dorie Possell;RE10391
EMP11293;Charil Sciusscietto;RE10392
EMP11294;Michaelina Landells;RE10393
EMP11295;Mar Simonaitis;RE10394
EMP11296;Nowell Laville;RE10395
EMP11297;Rollo Castaneda;RE10396
EMP11298;Tabbatha Ivanishin;RE10397
EMP11299;Hasty Lepere;RE10398
EMP11300;Sean Sayburn;RE10399
EMP11301;Rheba Sollom;RE10400
EMP11302;Timmi Paolinelli;RE10401
EMP11303;Ken Pettifer;RE10402
EMP11304;Imogen Gorton;RE10403
EMP11305;Patrice Northeast;RE10404
EMP11306;Martynne Chipman;RE10405
EMP11307;Pietrek Kundert;RE10406
EMP11308;Yorgos Ducker;RE10407
EMP11309;Sherri Canby;RE10408
EMP11310;Jilleen Pearse;RE10409
EMP11311;Johnathan Gregson;RE10410
EMP11312;Esmaria Pearmain;RE10411
EMP11313;Gabby Neubigging;RE10412
EMP11314;Rodrick Sleight;RE10413
EMP11315;Natalya Tredget;RE10414
EMP11316;Solly Phare;RE10415
EMP11317;Caren Greguol;RE10416
EMP11318;Alane Beevis;RE10417
EMP11319;Ame Fenich;RE10418
EMP11320;Davy Tant;RE10419
EMP11321;Romonda Liversedge;RE10420
EMP11322;Laurens Thorneloe;RE10421
EMP11323;Freeman Beardshall;RE10422
EMP11324;Agathe Deaconson;RE10423
EMP11325;Jaclin Buttner;RE10424
EMP11326;Lethia Matous;RE10425
EMP11327;Lyssa Eves;RE10426
EMP11328;Stirling Ding;RE10427
EMP11329;Serge Putman;RE10428
EMP11330;Shanta Gwyn;RE10429
EMP11331;Robina Gayther;RE10430
EMP11332;Jacquette Plak;RE10431
EMP11333;Courtney Edmenson;RE10432
EMP11334;Terence Towe;RE10433
EMP11335;Nerissa Quinell;RE10434
EMP11336;Martguerita Braunroth;RE10435
EMP11337;Aron Cottey;RE10436
EMP11338;Pearline Hugli;RE10437
EMP11339;Moritz Vockings;RE10438
EMP11340;Koenraad Kirimaa;RE10439
EMP11341;Erl Rigmand;RE10440
EMP11342;Nick Giabuzzi;RE10441
EMP11343;Willi Drewitt;RE10442
EMP11344;Falito Dyshart;RE10443
EMP11345;Eustacia Horley;RE10444
EMP11346;Murvyn Pyburn;RE10445
EMP11347;Ellie Liebermann;RE10446
EMP11348;Krystle Croyden;RE10447
EMP11349;Ellerey Kielt;RE10448
EMP11350;Emilia Colby;RE10449
EMP11351;Leighton Goggan;RE10450
EMP11352;Rafaelita McCritichie;RE10451
EMP11353;Jerrie Tarling;RE10452
EMP11354;Drusy Arrundale;RE10453
EMP11355;Cointon Yurikov;RE10454
EMP11356;Hillie Sture;RE10455
EMP11357;Jan Hoggan;RE10456
EMP11358;Blayne Isacke;RE10457
EMP11359;Collete Twaits;RE10458
EMP11360;Christy Dakin;RE10459
EMP11361;Somerset Kenafaque;RE10460
EMP11362;Sigmund Morley;RE10461
EMP11363;Dillie Kippling;RE10462
EMP11364;Colman Fuchs;RE10463
EMP11365;Parsifal Kleinhaut;RE10464
EMP11366;Tadd Eltune;RE10465
EMP11367;Cassandra Kyllford;RE10466
EMP11368;Lil Moir;RE10467
EMP11369;Chaim Aberkirdo;RE10468
EMP11370;Lanita Lapham;RE10469
EMP11371;Veriee Perillo;RE10470
EMP11372;Walsh Currao;RE10471
EMP11373;Estele Dentith;RE10472
EMP11374;Ulrika Redmond;RE10473
EMP11375;Kathleen Cromar;RE10474
EMP11376;Caril Incogna;RE10475
EMP11377;Goldi Thake;RE10476
EMP11378;Shelbi Sonschein;RE10477
EMP11379;Beverie Dei;RE10478
EMP11380;Tabbie Iozefovich;RE10479
EMP11381;Alano Togher;RE10480
EMP11382;Ricki Humfrey;RE10481
EMP11383;Minerva Huban;RE10482
EMP11384;Horton Okill;RE10483
EMP11385;Cherida Kenward;RE10484
EMP11386;Annadiane Lenden;RE10485
EMP11387;Kevyn Caughey;RE10486
EMP11388;Tiffy Ruddom;RE10487
EMP11389;Chloette Arzu;RE10488
EMP11390;Gavan La Vigne;RE10489
EMP11391;Miller Noorwood;RE10490
EMP11392;Michaela Axton;RE10491
EMP11393;Nico Kalinsky;RE10492
EMP11394;Vernen Rabbitt;RE10493
EMP11395;Adair Gilgryst;RE10494
EMP11396;Alfonso Eakens;RE10495
EMP11397;Albina Leeming;RE10496
EMP11398;Marlene Hadeke;RE10497
EMP11399;Petrina Anselm;RE10498
EMP11400;Ursulina Sawers;RE10499
EMP11401;Ginni Klimaszewski;RE10500
EMP11402;Lee Tegler;RE10501
EMP11403;Lotty McGeraghty;RE10502
EMP11404;Abbott Dupre;RE10503
EMP11405;Justine Lagne;RE10504
EMP11406;Axe Monelle;RE10505
EMP11407;Dorice Alans;RE10506
EMP11408;Harriette Gemlett;RE10507
EMP11409;Mayor Spaunton;RE10508
EMP11410;Titos Brill;RE10509
EMP11411;Llywellyn Yarker;RE10510
EMP11412;Silvio Lawes;RE10511
EMP11413;Alfreda Chape;RE10512
EMP11414;Clevie Sharratt;RE10513
EMP11415;Keven Belz;RE10514
EMP11416;Alfredo Schwant;RE10515
EMP11417;Jemmie Sturdy;RE10516
EMP11418;Yanaton Bothen;RE10517
EMP11419;Cos Boak;RE10518
EMP11420;Wolfy Colston;RE10519
EMP11421;Bernice Gommowe;RE10520
EMP11422;Dot Nisard;RE10521
EMP11423;Royall Nichol;RE10522
EMP11424;Doreen Maitland;RE10523
EMP11425;Adrianna Sapson;RE10524
EMP11426;Jacynth Wevell;RE10525
EMP11427;Di Castillo;RE10526
EMP11428;Minna Neath;RE10527
EMP11429;Georgiana Brignell;RE10528
EMP11430;Storm Kieran;RE10529
EMP11431;Jeane Spaldin;RE10530
EMP11432;Elvina Cleynaert;RE10531
EMP11433;Mersey Scarratt;RE10532
EMP11434;Catlaina Domanek;RE10533
EMP11435;Sherrie Fabri;RE10534
EMP11436;York Matthews;RE10535
EMP11437;Jamesy Hofer;RE10536
EMP11438;Ulrich Beasleigh;RE10537
EMP11439;Ellswerth Campbell;RE10538
EMP11440;Greggory McTaggart;RE10539
EMP11441;Cecilius Braffington;RE10540
EMP11442;Field Harrowing;RE10541
EMP11443;Selene Szymonwicz;RE10542
EMP11444;Ronica Pettengell;RE10543
EMP11445;Gretna Binny;RE10544
EMP11446;Berni McKeurton;RE10545
EMP11447;Erik Linnell;RE10546
EMP11448;Winna Kimberly;RE10547
EMP11449;Gelya Carling;RE10548
EMP11450;Jesselyn Strank;RE10549
EMP11451;Perice Schukert;RE10550
EMP11452;Libbey O'Doherty;RE10551
EMP11453;Taddeo Staziker;RE10552
EMP11454;Jehu Bearn;RE10553
EMP11455;Duane Allabarton;RE10554
EMP11456;Noelani Alliot;RE10555
EMP11457;Dido Tandey;RE10556
EMP11458;Bret Rossetti;RE10557
EMP11459;Griselda Winckworth;RE10558
EMP11460;Bellanca Shackell;RE10559
EMP11461;Adena Hext;RE10560
EMP11462;Miran Sandland;RE10561
EMP11463;Kelsey Collinwood;RE10562
EMP11464;Shay Whittington;RE10563
EMP11465;Micaela Hutley;RE10564
EMP11466;Juditha Malone;RE10565
EMP11467;Windy Ginner;RE10566
EMP11468;Rosa Vaune;RE10567
EMP11469;Jacky McEntagart;RE10568
EMP11470;Lillis Prahm;RE10569
EMP11471;Christye Cornehl;RE10570
EMP11472;Clevie Rubenfeld;RE10571
EMP11473;Pietrek Parkman;RE10572
EMP11474;Alejoa Ca;RE10573
EMP11475;Trudey Vasyukhin;RE10574
EMP11476;Verla Gatchell;RE10575
EMP11477;Lawry Rraundl;RE10576
EMP11478;Lincoln Hayman;RE10577
EMP11479;Teddie Brooking;RE10578
EMP11480;Laurella Attow;RE10579
EMP11481;Don Bucky;RE10580
EMP11482;Dede Patry;RE10581
EMP11483;Dermot Candie;RE10582
EMP11484;Isa Splevin;RE10583
EMP11485;Lian Papaccio;RE10584
EMP11486;Zilvia Chomicz;RE10585
EMP11487;Osmund Armfirld;RE10586
EMP11488;Melamie Doy;RE10587
EMP11489;Sibilla Ianittello;RE10588
EMP11490;Krista Enric;RE10589
EMP11491;Corene Tysall;RE10590
EMP11492;Neilla Kusick;RE10591
EMP11493;Karl Sizey;RE10592
EMP11494;Ingram Nehl;RE10593
EMP11495;Katharyn Wiltshaw;RE10594
EMP11496;Ozzie Descroix;RE10595
EMP11497;Ilysa McCloid;RE10596
EMP11498;Eileen Clinkard;RE10597
EMP11499;Joycelin Ackrill;RE10598
EMP11500;Zachariah Sage;RE10599
EMP12001;Lesli Dragge;RE10100
EMP12002;Xever O'Toole;RE10101
EMP12003;Ludovico Curless;RE10102
EMP12004;Malinde Deely;RE10103
EMP12005;Doro Kienlein;RE10104
EMP12006;Berkly Eilhersen;RE10105
EMP12007;Link Dyhouse;RE10106
EMP12008;Charmion Alten;RE10107
EMP12009;Violet Searby;RE10108
EMP12010;Adora Goater;RE10109
EMP12011;Ludvig Ianson;RE10110
EMP12012;Ginny Banaszewski;RE10111
EMP12013;Lea Pellington;RE10112
EMP12014;Lexy Penk;RE10113
EMP12015;Bearnard Holt;RE10114
EMP12016;Lydie Dowda;RE10115
EMP12017;Madison Gilders;RE10116
EMP12018;Evey Riehm;RE10117
EMP12019;Marja Pettigrew;RE10118
EMP12020;Chrystal Gouldthorpe;RE10119
EMP12021;Florella Tierny;RE10120
EMP12022;Dore O'Regan;RE10121
EMP12023;Chloris Spinige;RE10122
EMP12024;Shane Rugg;RE10123
EMP12025;Pace Pracy;RE10124
EMP12026;Moishe McKitterick;RE10125
EMP12027;Sancho Beinke;RE10126
EMP12028;Ariela Ilyasov;RE10127
EMP12029;Pier Sollas;RE10128
EMP12030;Robby Durbridge;RE10129
EMP12031;Junette Jurges;RE10130
EMP12032;Claretta Fried;RE10131
EMP12033;Allyce Scrauniage;RE10132
EMP12034;Mattie Egginton;RE10133
EMP12035;Jessey Valentinuzzi;RE10134
EMP12036;Isa Syddall;RE10135
EMP12037;Lexis Regitz;RE10136
EMP12038;Gray Crummey;RE10137
EMP12039;Sallee Clubb;RE10138
EMP12040;Rogers Leadbeatter;RE10139
EMP12041;Lusa Vanelli;RE10140
EMP12042;Micheline Akrigg;RE10141
EMP12043;Nessy Craigg;RE10142
EMP12044;Afton Scirman;RE10143
EMP12045;Ammamaria Shubotham;RE10144
EMP12046;Brit Ewell;RE10145
EMP12047;Ami Skaid;RE10146
EMP12048;Aidan Kording;RE10147
EMP12049;Prue Allett;RE10148
EMP12050;Clarey Worland;RE10149
EMP12051;Sallie Bernlin;RE10150
EMP12052;Sibley Gori;RE10151
EMP12053;Barry Plane;RE10152
EMP12054;Prissie Peatman;RE10153
EMP12055;Anson Carrier;RE10154
EMP12056;Hermina Sweetland;RE10155
EMP12057;Pattin McAvinchey;RE10156
EMP12058;Fritz Kennagh;RE10157
EMP12059;Juliette Lambe;RE10158
EMP12060;Bealle Overlow;RE10159
EMP12061;Mischa Hazeup;RE10160
EMP12062;Hector Greener;RE10161
EMP12063;Florie Baynam;RE10162
EMP12064;Clementine Dmisek;RE10163
EMP12065;Barbabra Fryett;RE10164
EMP12066;Zorah Goffe;RE10165
EMP12067;Yoko Dot;RE10166
EMP12068;Babb Berr;RE10167
EMP12069;Erroll Correa;RE10168
EMP12070;Bobbie Massen;RE10169
EMP12071;Peyter Foxwell;RE10170
EMP12072;Rudyard Dobney;RE10171
EMP12073;Bryn Scolland;RE10172
EMP12074;Crystie Huscroft;RE10173
EMP12075;Scarlett Keson;RE10174
EMP12076;Ricky Dolley;RE10175
EMP12077;Gwyneth Le Estut;RE10176
EMP12078;Deanna Pahlsson;RE10177
EMP12079;Lorrie Ghidoli;RE10178
EMP12080;Emmalynn Bridson;RE10179
EMP12081;Frannie Shawcross;RE10180
EMP12082;Colet Barabich;RE10181
EMP12083;Emmi Points;RE10182
EMP12084;Amabelle Archdeacon;RE10183
EMP12085;Ciel Elecum;RE10184
EMP12086;Veriee Ashall;RE10185
EMP12087;Keith Parkes;RE10186
EMP12088;Maury Leed;RE10187
EMP12089;Gwenny Philipsohn;RE10188
EMP12090;Loy Iowarch;RE10189
EMP12091;Casey Duffie;RE10190
EMP12092;Rowen Thowes;RE10191
EMP12093;Ingrid Morphet;RE10192
EMP12094;Ag Punshon;RE10193
EMP12095;Dorothea O'Sherin;RE10194
EMP12096;Nessi Tomaini;RE10195
EMP12097;Darcee Maccrea;RE10196
EMP12098;Lincoln Crone;RE10197
EMP12099;Lenee Tasseler;RE10198
EMP12100;Gwyn Affron;RE10199
EMP12101;Corina Weippert;RE10200
EMP12102;Stacy Naismith;RE10201
EMP12103;Lorrie Jellico;RE10202
EMP12104;Amandie Sanchiz;RE10203
EMP12105;Bryant Leckey;RE10204
EMP12106;Shayla Partlett;RE10205
EMP12107;Jamima Maudett;RE10206
EMP12108;Duffy Roberds;RE10207
EMP12109;Austin Yewdale;RE10208
EMP12110;Kakalina Masden;RE10209
EMP12111;Paco Venour;RE10210
EMP12112;Odella Lots;RE10211
EMP12113;Annmaria Ozelton;RE10212
EMP12114;Garik Gavey;RE10213
EMP12115;Staffard Gaither;RE10214
EMP12116;Aurthur Scarlett;RE10215
EMP12117;Jenni Charlon;RE10216
EMP12118;Durante Loade;RE10217
EMP12119;Susi Woodlands;RE10218
EMP12120;Dael Boyington;RE10219
EMP12121;Lucita Hastewell;RE10220
EMP12122;Alexis Briereton;RE10221
EMP12123;Merwin Sharer;RE10222
EMP12124;Armand Cardenoso;RE10223
EMP12125;Jdavie Tomlins;RE10224
EMP12126;Neddie Gobbett;RE10225
EMP12127;Franni Dowden;RE10226
EMP12128;Gianina Goldsworthy;RE10227
EMP12129;Marga Weddeburn - Scrimgeour;RE10228
EMP12130;Aluino Jeskin;RE10229
EMP12131;Kermit Kubacki;RE10230
EMP12132;Marve Burrow;RE10231
EMP12133;Amber Dakers;RE10232
EMP12134;Skippy Tohill;RE10233
EMP12135;Rutter Peaden;RE10234
EMP12136;Didi Pybworth;RE10235
EMP12137;Caspar Frude;RE10236
EMP12138;Jud Effnert;RE10237
EMP12139;Starr Garard;RE10238
EMP12140;Ewan Wethered;RE10239
EMP12141;Dotti Kunes;RE10240
EMP12142;Pia Kopps;RE10241
EMP12143;Maddie Pocock;RE10242
EMP12144;Skip Rojahn;RE10243
EMP12145;Brien Loxdale;RE10244
EMP12146;Dewie Guard;RE10245
EMP12147;Dulciana Pottage;RE10246
EMP12148;Traci Candelin;RE10247
EMP12149;Garrott Hanning;RE10248
EMP12150;Elonore Durden;RE10249
EMP12151;Nada Pervew;RE10250
EMP12152;Kerrill Brendeke;RE10251
EMP12153;Dulci Rappoport;RE10252
EMP12154;Rudolf Pennetti;RE10253
EMP12155;Shelbi Incogna;RE10254
EMP12156;Vinson Evers;RE10255
EMP12157;Jase Urian;RE10256
EMP12158;Orville Stutely;RE10257
EMP12159;Maureene Mitcham;RE10258
EMP12160;Vernor Greatex;RE10259
EMP12161;Willy Hembry;RE10260
EMP12162;Stefano Ellams;RE10261
EMP12163;Paul Missenden;RE10262
EMP12164;Shermie Vlasin;RE10263
EMP12165;Kerby Aliberti;RE10264
EMP12166;Ardyce Balding;RE10265
EMP12167;Sandor Pauls;RE10266
EMP12168;Kit Lomaz;RE10267
EMP12169;Mel Cattanach;RE10268
EMP12170;Gavan Tyndall;RE10269
EMP12171;Jacinta Parmer;RE10270
EMP12172;Gabi Kahn;RE10271
EMP12173;Wolf Heintsch;RE10272
EMP12174;George Reboulet;RE10273
EMP12175;Zitella Corson;RE10274
EMP12176;Mendel Baribal;RE10275
EMP12177;Bernie Kilday;RE10276
EMP12178;Orton Peltz;RE10277
EMP12179;Farrah Golledge;RE10278
EMP12180;Monte Arendsen;RE10279
EMP12181;Hugibert Netherwood;RE10280
EMP12182;Evanne Grimes;RE10281
EMP12183;Constance Rosi;RE10282
EMP12184;Lilias Thormwell;RE10283
EMP12185;Beverie Costelow;RE10284
EMP12186;Gibbie Boylin;RE10285
EMP12187;Curtis Millhill;RE10286
EMP12188;Anica Neiland;RE10287
EMP12189;Fairleigh Exton;RE10288
EMP12190;Laverna Tedstone;RE10289
EMP12191;Jacquelyn Horrell;RE10290
EMP12192;Vince Mursell;RE10291
EMP12193;Glenda Greason;RE10292
EMP12194;Neilla Worham;RE10293
EMP12195;Linc Presslie;RE10294
EMP12196;Hayes Kinmond;RE10295
EMP12197;Tatiana Schroder;RE10296
EMP12198;Vanni Raden;RE10297
EMP12199;Obed Arendt;RE10298
EMP12200;Tucker Di Carli;RE10299
EMP12201;Valeria Bartolomieu;RE10300
EMP12202;Patricio Domanski;RE10301
EMP12203;Shell Yuill;RE10302
EMP12204;Elmer Hebblewaite;RE10303
EMP12205;Sherline McCourtie;RE10304
EMP12206;Alexia Ockwell;RE10305
EMP12207;Yankee Grinston;RE10306
EMP12208;Feodor Korbmaker;RE10307
EMP12209;Aveline Northen;RE10308
EMP12210;Chic Londesborough;RE10309
EMP12211;Ragnar Parmiter;RE10310
EMP12212;Bastien Coultard;RE10311
EMP12213;Clemence Morhall;RE10312
EMP12214;Goldy Pryce;RE10313
EMP12215;Cristiano McMurray;RE10314
EMP12216;Brannon Dunphy;RE10315
EMP12217;Toddie Aleveque;RE10316
EMP12218;Myrle Monelle;RE10317
EMP12219;Rozella Greenard;RE10318
EMP12220;Alvinia Spellacey;RE10319
EMP12221;Cazzie Burlingham;RE10320
EMP12222;Edvard Stollenbeck;RE10321
EMP12223;Grace Van der Beken;RE10322
EMP12224;Joice Oliva;RE10323
EMP12225;Ulrich Leonard;RE10324
EMP12226;Diarmid Anger;RE10325
EMP12227;Whit Hauck;RE10326
EMP12228;Leia Minchi;RE10327
EMP12229;Jacquelynn Cockcroft;RE10328
EMP12230;Kris Justham;RE10329
EMP12231;Keely MacCafferty;RE10330
EMP12232;Gussi Vines;RE10331
EMP12233;Augustin Sellick;RE10332
EMP12234;Olivia Harvie;RE10333
EMP12235;Calypso Scolts;RE10334
EMP12236;Waldon Lippi;RE10335
EMP12237;Monika Selland;RE10336
EMP12238;Avery Lante;RE10337
EMP12239;Emalia Purves;RE10338
EMP12240;Devon Barajas;RE10339
EMP12241;Johny Casier;RE10340
EMP12242;Baird McLeese;RE10341
EMP12243;Starla Williment;RE10342
EMP12244;Wallis O'Teague;RE10343
EMP12245;Hersch Blackmoor;RE10344
EMP12246;Dalston Harron;RE10345
EMP12247;Nataline Varney;RE10346
EMP12248;Pebrook McReedy;RE10347
EMP12249;Janka Vandrill;RE10348
EMP12250;Edsel Kendrick;RE10349
EMP12251;Carleen Newbery;RE10350
EMP12252;Cami Burnhams;RE10351
EMP12253;Sheena Uccelli;RE10352
EMP12254;Cathyleen Burkinshaw;RE10353
EMP12255;Al Gueste;RE10354
EMP12256;Josey Rizzini;RE10355
EMP12257;Almeta Caddock;RE10356
EMP12258;Susette Brigham;RE10357
EMP12259;Garnette Josupeit;RE10358
EMP12260;Abram Pache;RE10359
EMP12261;Jarred Treasaden;RE10360
EMP12262;Kessia Cianni;RE10361
EMP12263;Tamqrah Gladwish;RE10362
EMP12264;Greta MacGragh;RE10363
EMP12265;Jacquenetta Daniel;RE10364
EMP12266;Dwain Filyukov;RE10365
EMP12267;Arlette Daveridge;RE10366
EMP12268;Frants Ince;RE10367
EMP12269;Melinda Giraldez;RE10368
EMP12270;Obidiah Capehorn;RE10369
EMP12271;Beulah Lindsay;RE10370
EMP12272;Angelica Carl;RE10371
EMP12273;Margeaux Mottram;RE10372
EMP12274;Eugine Marcinkus;RE10373
EMP12275;Dean Niave;RE10374
EMP12276;Smith Ernke;RE10375
EMP12277;Idelle Bourgour;RE10376
EMP12278;Arnie Benbough;RE10377
EMP12279;Liza Gudgin;RE10378
EMP12280;Lorrie Wittke;RE10379
EMP12281;Luisa Rowney;RE10380
EMP12282;Gui Johananoff;RE10381
EMP12283;Stanfield Yarrow;RE10382
EMP12284;Brietta Filppetti;RE10383
EMP12285;Sibel Bentje;RE10384
EMP12286;Danyelle Gearty;RE10385
EMP12287;Clemmy Summerill;RE10386
EMP12288;Ashlen Hamill;RE10387
EMP12289;Skipp Layman;RE10388
EMP12290;Mario Whistance;RE10389
EMP12291;Dexter Dalinder;RE10390
EMP12292;Nerissa Longforth;RE10391
EMP12293;Sarge Otter;RE10392
EMP12294;Addia Dowzell;RE10393
EMP12295;Beaufort Doughty;RE10394
EMP12296;Marcy Caseri;RE10395
EMP12297;Phillipp Floodgate;RE10396
EMP12298;Delly Thew;RE10397
EMP12299;Jamey End;RE10398
EMP12300;Othella Hailey;RE10399
EMP12301;Ardine Appleton;RE10400
EMP12302;Maury Labone;RE10401
EMP12303;Cassandre Paulley;RE10402
EMP12304;Brandise Storrock;RE10403
EMP12305;Tobie Stollard;RE10404
EMP12306;Paten Tomovic;RE10405
EMP12307;Eva Parkeson;RE10406
EMP12308;Sheelagh Mintram;RE10407
EMP12309;Arne Capon;RE10408
EMP12310;Kaine Beddoes;RE10409
EMP12311;Elisha Ortega;RE10410
EMP12312;Kathrine Rassell;RE10411
EMP12313;Eran Maevela;RE10412
EMP12314;Gerry Kettleson;RE10413
EMP12315;Kaela Ygoe;RE10414
EMP12316;Tiffy Meddings;RE10415
EMP12317;Annabella Bassom;RE10416
EMP12318;Jeddy Rogister;RE10417
EMP12319;Yorgos Oehme;RE10418
EMP12320;Lonnard Jentges;RE10419
EMP12321;Dorisa Marney;RE10420
EMP12322;Rorke Ruos;RE10421
EMP12323;Cordelia MacGille;RE10422
EMP12324;Conant Fardo;RE10423
EMP12325;Marielle Gouldsmith;RE10424
EMP12326;Crissy Bramah;RE10425
EMP12327;Bonnie Vinten;RE10426
EMP12328;Thekla Codrington;RE10427
EMP12329;Phillipp Tyzack;RE10428
EMP12330;Lory Pactat;RE10429
EMP12331;Oralia Lince;RE10430
EMP12332;Herta McQuilty;RE10431
EMP12333;Jemmie Yurshev;RE10432
EMP12334;Alika Backhurst;RE10433
EMP12335;Mandi Firby;RE10434
EMP12336;Augustina Tesh;RE10435
EMP12337;Kerby Bracknell;RE10436
EMP12338;Igor Jarrett;RE10437
EMP12339;Shawn Dowderswell;RE10438
EMP12340;Ewart Bursnall;RE10439
EMP12341;Hurley Matysik;RE10440
EMP12342;Nickolai Smalley;RE10441
EMP12343;Bail Nafzger;RE10442
EMP12344;Alden Ianno;RE10443
EMP12345;Gisella Tremoille;RE10444
EMP12346;Justis Kimmince;RE10445
EMP12347;Rollin Sherlaw;RE10446
EMP12348;Theresina Blois;RE10447
EMP12349;Danell Tomczynski;RE10448
EMP12350;Lorita Siggs;RE10449
EMP12351;Rozella Detloff;RE10450
EMP12352;Lonnie Eveling;RE10451
EMP12353;Wake Goering;RE10452
EMP12354;Aurthur Mewhirter;RE10453
EMP12355;Wright Prothero;RE10454
EMP12356;Shermy Buxy;RE10455
EMP12357;Morris Worrill;RE10456
EMP12358;Darb Meron;RE10457
EMP12359;Malissia Sagerson;RE10458
EMP12360;Natty Ambage;RE10459
EMP12361;Madonna Kovalski;RE10460
EMP12362;Dot Marrow;RE10461
EMP12363;Andrej Elvin;RE10462
EMP12364;Nana Roxby;RE10463
EMP12365;Kaitlin Rabl;RE10464
EMP12366;Geraldine O' Liddy;RE10465
EMP12367;Arden Peattie;RE10466
EMP12368;Rici Bourdel;RE10467
EMP12369;Charley Starkie;RE10468
EMP12370;Filip Allabarton;RE10469
EMP12371;Kendra Arnke;RE10470
EMP12372;Shana Treweek;RE10471
EMP12373;Filippa Lalley;RE10472
EMP12374;Siward Claypool;RE10473
EMP12375;Rem Bloxam;RE10474
EMP12376;Markos Tims;RE10475
EMP12377;Rollins Ledbury;RE10476
EMP12378;Savina Stell;RE10477
EMP12379;Alex Barkhouse;RE10478
EMP12380;Townie Timmens;RE10479
EMP12381;Cymbre Bramelt;RE10480
EMP12382;Ame Fetteplace;RE10481
EMP12383;Nickey Ellcock;RE10482
EMP12384;Cammi Oak;RE10483
EMP12385;Burr Taveriner;RE10484
EMP12386;Shara Luffman;RE10485
EMP12387;Barret Martinetto;RE10486
EMP12388;Cloe Giddings;RE10487
EMP12389;Welby Trehearn;RE10488
EMP12390;Edsel Steptowe;RE10489
EMP12391;Raoul Yosevitz;RE10490
EMP12392;Inesita Carlsson;RE10491
EMP12393;Constantina Plaid;RE10492
EMP12394;Astrid Mattheus;RE10493
EMP12395;Ddene Hovert;RE10494
EMP12396;Barnie Edginton;RE10495
EMP12397;Christan Millyard;RE10496
EMP12398;Meryl Seiller;RE10497
EMP12399;Burg Leroy;RE10498
EMP12400;Winifield Tidgewell;RE10499
EMP12401;Evy Fellini;RE10500
EMP12402;Georgy Rauprich;RE10501
EMP12403;Eddy Phettis;RE10502
EMP12404;Jaime Scarisbrick;RE10503
EMP12405;Calley Lukacs;RE10504
EMP12406;Sherwood Vakhlov;RE10505
EMP12407;Carlene Marquet;RE10506
EMP12408;Roley Oulet;RE10507
EMP12409;Lee Brannan;RE10508
EMP12410;Karlene Scorton;RE10509
EMP12411;Randene Halleday;RE10510
EMP12412;Casi Worling;RE10511
EMP12413;Carlee Neeson;RE10512
EMP12414;Isadore Jehan;RE10513
EMP12415;Blaire Davidovsky;RE10514
EMP12416;Leisha Charkham;RE10515
EMP12417;Phillipp Vautre;RE10516
EMP12418;Kirby Mastrantone;RE10517
EMP12419;Jamima Frisby;RE10518
EMP12420;Butch Dorn;RE10519
EMP12421;Ilysa Woodier;RE10520
EMP12422;Alisha Spiller;RE10521
EMP12423;Nancee Fryer;RE10522
EMP12424;Waverley Sangster;RE10523
EMP12425;Linet Found;RE10524
EMP12426;Arvin Wilse;RE10525
EMP12427;Ingeborg Lane;RE10526
EMP12428;Phip Bradnock;RE10527
EMP12429;Vance Saladine;RE10528
EMP12430;Arabele Laity;RE10529
EMP12431;Genna Drinkwater;RE10530
EMP12432;Keriann Kardos;RE10531
EMP12433;Brandi Duding;RE10532
EMP12434;Sayers Cowdray;RE10533
EMP12435;Quint Martynov;RE10534
EMP12436;Fredelia Axworthy;RE10535
EMP12437;Doreen Sinnie;RE10536
EMP12438;Darcie Goodspeed;RE10537
EMP12439;Griswold Khrishtafovich;RE10538
EMP12440;Linnell Pretsel;RE10539
EMP12441;Miriam Yegoshin;RE10540
EMP12442;Royall Bison;RE10541
EMP12443;Leopold Purkins;RE10542
EMP12444;Cristian Bute;RE10543
EMP12445;Felipe Delepine;RE10544
EMP12446;Geno Landrieu;RE10545
EMP12447;Camel Youson;RE10546
EMP12448;Chick Furmenger;RE10547
EMP12449;Durante Floch;RE10548
EMP12450;Graeme Roseby;RE10549
EMP12451;Ilka Jeggo;RE10550
EMP12452;Hardy Eyton;RE10551
EMP12453;Margalo Bunworth;RE10552
EMP12454;Nicolina Jelliman;RE10553
EMP12455;Trueman Straw;RE10554
EMP12456;Erroll Rack;RE10555
EMP12457;Jenica Witter;RE10556
EMP12458;Clark Segebrecht;RE10557
EMP12459;Alwin Wimbury;RE10558
EMP12460;Hallsy Maneylaws;RE10559
EMP12461;Lissie Peasegood;RE10560
EMP12462;Claire Giron;RE10561
EMP12463;Lutero Dilworth;RE10562
EMP12464;Sheryl Waistall;RE10563
EMP12465;Howie Tayspell;RE10564
EMP12466;Tanney Asipenko;RE10565
EMP12467;Magdaia Lipp;RE10566
EMP12468;Eryn Portman;RE10567
EMP12469;Tremain Burkwood;RE10568
EMP12470;Charissa Layfield;RE10569
EMP12471;Cornall Skoggins;RE10570
EMP12472;Cinnamon Gerritsma;RE10571
EMP12473;Devlin Rex;RE10572
EMP12474;Sybilla Adicot;RE10573
EMP12475;Hedwiga Vynarde;RE10574
EMP12476;Micky McCluskey;RE10575
EMP12477;Gilburt Plet;RE10576
EMP12478;Vivianne Olivella;RE10577
EMP12479;Crista Lusted;RE10578
EMP12480;Killie Grebbin;RE10579
EMP12481;Jo Cantillon;RE10580
EMP12482;Leta Oldman;RE10581
EMP12483;Roberta Rodda;RE10582
EMP12484;Hali Ayrton;RE10583
EMP12485;Johny Allmann;RE10584
EMP12486;Tobiah Harnes;RE10585
EMP12487;Ronnie Barnwall;RE10586
EMP12488;Eloise Legrice;RE10587
EMP12489;Pat Baudassi;RE10588
EMP12490;Carolee Hinrichsen;RE10589
EMP12491;Phaidra Quade;RE10590
EMP12492;Dickie Enderwick;RE10591
EMP12493;Whitby Curston;RE10592
EMP12494;Sollie Groarty;RE10593
EMP12495;Ivett Thornally;RE10594
EMP12496;Irving O'Fallowne;RE10595
EMP12497;Sterling Bufton;RE10596
EMP12498;Baxie McKag;RE10597
EMP12499;Giffie Creffeild;RE10598
EMP12500;Aarika O'Kynsillaghe;RE10599
EMP13001;Alwin Erb;RE10100
EMP13002;Early Godar;RE10101
EMP13003;Herschel Charte;RE10102
EMP13004;Janey Woloschinski;RE10103
EMP13005;Alford Barks;RE10104
EMP13006;Malena Yerby;RE10105
EMP13007;Leigh Lowes;RE10106
EMP13008;Shepherd Gainsburgh;RE10107
EMP13009;Roxana Augie;RE10108
EMP13010;Catina Boultwood;RE10109
EMP13011;Mathias Wittier;RE10110
EMP13012;Howey Gunther;RE10111
EMP13013;Francois Stace;RE10112
EMP13014;Otha Brownsall;RE10113
EMP13015;Janos Spraging;RE10114
EMP13016;Betti Gibbe;RE10115
EMP13017;Cullen Ainsbury;RE10116
EMP13018;Northrop Livesley;RE10117
EMP13019;Lauren Barnewille;RE10118
EMP13020;Brittney Hoggetts;RE10119
EMP13021;Reggie Huyhton;RE10120
EMP13022;Kimbra Marages;RE10121
EMP13023;Stacia Ebbings;RE10122
EMP13024;Aile Bloxland;RE10123
EMP13025;Aloise Bursnoll;RE10124
EMP13026;Blair Cottell;RE10125
EMP13027;Jude Bande;RE10126
EMP13028;Debera Laborde;RE10127
EMP13029;Cayla Baukham;RE10128
EMP13030;Grenville Heinig;RE10129
EMP13031;Delcine Chataignier;RE10130
EMP13032;Mayor Crace;RE10131
EMP13033;Bank Maffi;RE10132
EMP13034;Nicky Roggerone;RE10133
EMP13035;Kacy Allewell;RE10134
EMP13036;Ransell Rankine;RE10135
EMP13037;Dita Silversmidt;RE10136
EMP13038;Stesha Dunsmore;RE10137
EMP13039;Allegra Joe;RE10138
EMP13040;Alley Hindrich;RE10139
EMP13041;Mitchel Halloran;RE10140
EMP13042;Ody Bellamy;RE10141
EMP13043;Ximenes Perigoe;RE10142
EMP13044;Audrye Fulks;RE10143
EMP13045;Travis Root;RE10144
EMP13046;Seumas Tidswell;RE10145
EMP13047;Gibbie Moreing;RE10146
EMP13048;Ewen Westerman;RE10147
EMP13049;Demetra Hackinge;RE10148
EMP13050;Ilario Rosier;RE10149
EMP13051;Tiffany Barbara;RE10150
EMP13052;Harwilll Swindle;RE10151
EMP13053;Antone Antonietti;RE10152
EMP13054;Madeline Bumphrey;RE10153
EMP13055;Gerry Mackin;RE10154
EMP13056;Bianca Kerans;RE10155
EMP13057;Cirstoforo Craydon;RE10156
EMP13058;Wainwright Fagan;RE10157
EMP13059;Kim Harrinson;RE10158
EMP13060;Marsh Reason;RE10159
EMP13061;Teodoor Vuittet;RE10160
EMP13062;Joelynn Wyke;RE10161
EMP13063;Judye Le Lievre;RE10162
EMP13064;Adi Sapseed;RE10163
EMP13065;Derril Klawi;RE10164
EMP13066;Levy Ryce;RE10165
EMP13067;Karissa Miere;RE10166
EMP13068;Walker Etoile;RE10167
EMP13069;Faulkner Delieu;RE10168
EMP13070;Melisent Chrichton;RE10169
EMP13071;Marna Luparti;RE10170
EMP13072;Felice Athy;RE10171
EMP13073;Nicky Kmiec;RE10172
EMP13074;Lyndel Zapatero;RE10173
EMP13075;Ichabod Haime;RE10174
EMP13076;Wilmette Carbett;RE10175
EMP13077;Bea Chesterton;RE10176
EMP13078;Eran Gooders;RE10177
EMP13079;Marilin Massei;RE10178
EMP13080;Hadrian Falck;RE10179
EMP13081;Jaclyn Mayward;RE10180
EMP13082;Lindy Ram;RE10181
EMP13083;Adaline Staveley;RE10182
EMP13084;Dennie Warby;RE10183
EMP13085;Sean Ponde;RE10184
EMP13086;Vanya Iley;RE10185
EMP13087;Gorden Rogers;RE10186
EMP13088;Pepe Rodd;RE10187
EMP13089;Shoshana Bonefant;RE10188
EMP13090;Lloyd Fould;RE10189
EMP13091;Garfield Dunsmuir;RE10190
EMP13092;Gabbie Presdee;RE10191
EMP13093;Patin Kidson;RE10192
EMP13094;Susanna Dinan;RE10193
EMP13095;Reeva Braunthal;RE10194
EMP13096;Gabriel Francescuzzi;RE10195
EMP13097;Jenni Hogsden;RE10196
EMP13098;Stormie Westoff;RE10197
EMP13099;Ruprecht Crammy;RE10198
EMP13100;Celestia Grouvel;RE10199
EMP13101;Berk Bethell;RE10200
EMP13102;Jesselyn Kerrane;RE10201
EMP13103;Courtnay Jonathon;RE10202
EMP13104;Kassi St. Hill;RE10203
EMP13105;Anton Lande;RE10204
EMP13106;Carmen Truswell;RE10205
EMP13107;Ban Coupar;RE10206
EMP13108;Eugine Hackwell;RE10207
EMP13109;Kenon Garlette;RE10208
EMP13110;Brandon Goves;RE10209
EMP13111;Abran Dudson;RE10210
EMP13112;Ethyl Hughlin;RE10211
EMP13113;Vito Kettleson;RE10212
EMP13114;Neils Radmer;RE10213
EMP13115;Meredeth Gheorghie;RE10214
EMP13116;Jerrome Kynforth;RE10215
EMP13117;Laverne Philipard;RE10216
EMP13118;Fletch Longwood;RE10217
EMP13119;Gwenneth Hamp;RE10218
EMP13120;Edmon Hayford;RE10219
EMP13121;Dylan Wittman;RE10220
EMP13122;Toby Daouze;RE10221
EMP13123;Tammie Arr;RE10222
EMP13124;Hobart Ianizzi;RE10223
EMP13125;Woodie McGillivrie;RE10224
EMP13126;Gavra Belloch;RE10225
EMP13127;Giovanna Baptist;RE10226
EMP13128;Lolly Rolance;RE10227
EMP13129;Dru Fuke;RE10228
EMP13130;Hewet Cassimer;RE10229
EMP13131;Debbi Chantillon;RE10230
EMP13132;Gayelord Burris;RE10231
EMP13133;Herbert O'Dowling;RE10232
EMP13134;Norby McDuffie;RE10233
EMP13135;Sorcha Craighall;RE10234
EMP13136;Sawyere Beranek;RE10235
EMP13137;Evey Tembridge;RE10236
EMP13138;Stephenie Dows;RE10237
EMP13139;Vito Pottiphar;RE10238
EMP13140;Kiel Gillett;RE10239
EMP13141;Shell Trever;RE10240
EMP13142;Kylila Boldero;RE10241
EMP13143;Townsend Aiskrigg;RE10242
EMP13144;Nannette Macvey;RE10243
EMP13145;Ervin Morrel;RE10244
EMP13146;Rhonda Matthew;RE10245
EMP13147;Hillier Maudett;RE10246
EMP13148;Claus Summerley;RE10247
EMP13149;Maire Mattessen;RE10248
EMP13150;Ilyse Skillington;RE10249
EMP13151;Riley Kerrigan;RE10250
EMP13152;Ainslie Studdert;RE10251
EMP13153;Truman Tommis;RE10252
EMP13154;Justinn Isham;RE10253
EMP13155;Isak Cornelleau;RE10254
EMP13156;Donica Reisen;RE10255
EMP13157;Laureen Vogeler;RE10256
EMP13158;Shirl Rzehorz;RE10257
EMP13159;Valentino Merfin;RE10258
EMP13160;Chas Jore;RE10259
EMP13161;Verna McCrum;RE10260
EMP13162;Alene Mankor;RE10261
EMP13163;Sheree Nix;RE10262
EMP13164;Lyndy Vauter;RE10263
EMP13165;Theodor Gravestone;RE10264
EMP13166;Bunnie Dalgliesh;RE10265
EMP13167;Frannie Petrussi;RE10266
EMP13168;Aguie Instrell;RE10267
EMP13169;My Petkovic;RE10268
EMP13170;Carolynn Frood;RE10269
EMP13171;Sheffield Castells;RE10270
EMP13172;Nobie Crookall;RE10271
EMP13173;Jacqueline Bigly;RE10272
EMP13174;Zelma Borsnall;RE10273
EMP13175;Adolphe Stenet;RE10274
EMP13176;Nevins Sisse;RE10275
EMP13177;Tull Narey;RE10276
EMP13178;Meredith Gilbane;RE10277
EMP13179;Trix Scholar;RE10278
EMP13180;Ike Heinsen;RE10279
EMP13181;Sherilyn Casbolt;RE10280
EMP13182;Orazio Gunda;RE10281
EMP13183;Alejandrina Coleyshaw;RE10282
EMP13184;Mina Bamling;RE10283
EMP13185;Claudina Squirrel;RE10284
EMP13186;Matt Reyson;RE10285
EMP13187;Valida Willars;RE10286
EMP13188;Daile Petersen;RE10287
EMP13189;Isobel Madigan;RE10288
EMP13190;Rickert Hurndall;RE10289
EMP13191;Aundrea Shapiro;RE10290
EMP13192;Bucky Solloway;RE10291
EMP13193;Arthur Benazet;RE10292
EMP13194;Denni Basillon;RE10293
EMP13195;Isidora Tankus;RE10294
EMP13196;Sherye Hackworthy;RE10295
EMP13197;Lyndsie Punter;RE10296
EMP13198;Mufi Gounel;RE10297
EMP13199;Kalina Halburton;RE10298
EMP13200;Matthaeus Simmings;RE10299
EMP13201;Sarine McFayden;RE10300
EMP13202;Roley Smalman;RE10301
EMP13203;Ivar Dovidaitis;RE10302
EMP13204;Karen Osburn;RE10303
EMP13205;Darrick Galea;RE10304
EMP13206;Raf Shawley;RE10305
EMP13207;Albina Nickell;RE10306
EMP13208;Shayne Shilliday;RE10307
EMP13209;Anatola Paulitschke;RE10308
EMP13210;Moss Sandbrook;RE10309
EMP13211;Genni Pickover;RE10310
EMP13212;Alysia Kenward;RE10311
EMP13213;Shaylah Deftie;RE10312
EMP13214;Fredelia Bambury;RE10313
EMP13215;Jozef Comettoi;RE10314
EMP13216;Ernaline Penzer;RE10315
EMP13217;Willi Ginnane;RE10316
EMP13218;Philipa Greydon;RE10317
EMP13219;Nowell Savile;RE10318
EMP13220;Damien Haffard;RE10319
EMP13221;Lori Warbeys;RE10320
EMP13222;Rudie Seebright;RE10321
EMP13223;Patrick Kitcatt;RE10322
EMP13224;Janice Skurm;RE10323
EMP13225;Baron Tunsley;RE10324
EMP13226;Ernestus Milier;RE10325
EMP13227;Curcio Giacoppoli;RE10326
EMP13228;Sally Buxcey;RE10327
EMP13229;Brew Gude;RE10328
EMP13230;Naomi Wilsher;RE10329
EMP13231;Corrie Danilchev;RE10330
EMP13232;Moises Britt;RE10331
EMP13233;Stern O'Donohue;RE10332
EMP13234;Jo-anne Lympany;RE10333
EMP13235;Clemmy Boulter;RE10334
EMP13236;Gwendolyn Cusick;RE10335
EMP13237;Rayner Hayth;RE10336
EMP13238;Beatrisa McCutheon;RE10337
EMP13239;Hamlen Karadzas;RE10338
EMP13240;Lombard Gieves;RE10339
EMP13241;Cordelia Faill;RE10340
EMP13242;Willis Moggach;RE10341
EMP13243;Tobias Caff;RE10342
EMP13244;Tilda Godain;RE10343
EMP13245;Karl Phelipeaux;RE10344
EMP13246;Orv Realy;RE10345
EMP13247;Lauri Keymar;RE10346
EMP13248;Bernelle Surfleet;RE10347
EMP13249;Deni Norfolk;RE10348
EMP13250;Olly Callcott;RE10349
EMP13251;Candace Daltry;RE10350
EMP13252;Lucien Durant;RE10351
EMP13253;Rachele Paulazzi;RE10352
EMP13254;Olga Penticost;RE10353
EMP13255;Way Attride;RE10354
EMP13256;Ninetta Halloway;RE10355
EMP13257;Charla Dight;RE10356
EMP13258;Cameron Bysshe;RE10357
EMP13259;Kingsley Macconaghy;RE10358
EMP13260;Maximilianus Vasyutochkin;RE10359
EMP13261;Polly Haylor;RE10360
EMP13262;Quinton Morison;RE10361
EMP13263;Wendi Eve;RE10362
EMP13264;Benoit Hadlee;RE10363
EMP13265;Conroy Blakeslee;RE10364
EMP13266;Whittaker Putnam;RE10365
EMP13267;Ofelia Ellings;RE10366
EMP13268;Cristi Dawbery;RE10367
EMP13269;Sybilla Capon;RE10368
EMP13270;Carny Coote;RE10369
EMP13271;Heinrik Donald;RE10370
EMP13272;Yulma Stodd;RE10371
EMP13273;Carlos Slyman;RE10372
EMP13274;Lorens Asey;RE10373
EMP13275;Dwain Keightley;RE10374
EMP13276;Brigitta Barnish;RE10375
EMP13277;Baird Heinig;RE10376
EMP13278;Read Gowing;RE10377
EMP13279;Trix Barnsdale;RE10378
EMP13280;Dore Hentzeler;RE10379
EMP13281;Carly McKleod;RE10380
EMP13282;Jard Lowdyane;RE10381
EMP13283;Vivia Snashall;RE10382
EMP13284;Eugenia Rossander;RE10383
EMP13285;Ester Lippo;RE10384
EMP13286;Kristo Gallally;RE10385
EMP13287;Pearline Chuney;RE10386
EMP13288;Charlene Geddes;RE10387
EMP13289;Esra Machen;RE10388
EMP13290;Lesli Southernwood;RE10389
EMP13291;Noemi MacGray;RE10390
EMP13292;Phineas Marjanovic;RE10391
EMP13293;Giselle Case;RE10392
EMP13294;Meir Easbie;RE10393
EMP13295;Katherina Huffy;RE10394
EMP13296;Katalin Smorthwaite;RE10395
EMP13297;Delcine Kippin;RE10396
EMP13298;Glenda Schule;RE10397
EMP13299;Sallyann Bubear;RE10398
EMP13300;Nedda Jurries;RE10399
EMP13301;Tove Arnull;RE10400
EMP13302;Thorvald Hallybone;RE10401
EMP13303;Roi Haskey;RE10402
EMP13304;Frankie Nenci;RE10403
EMP13305;Jude Alecock;RE10404
EMP13306;Correna Quilleash;RE10405
EMP13307;Gusella Delahunty;RE10406
EMP13308;Annemarie Catteroll;RE10407
EMP13309;Lionel Tidbold;RE10408
EMP13310;Tobe Tofts;RE10409
EMP13311;Stavro Craigheid;RE10410
EMP13312;Bendick McKeveney;RE10411
EMP13313;Elmira Spreag;RE10412
EMP13314;Salomon Gouck;RE10413
EMP13315;Sidonnie Butterick;RE10414
EMP13316;Bank Tizard;RE10415
EMP13317;Jacinda Lind;RE10416
EMP13318;Bernarr Mullin;RE10417
EMP13319;Royce Sprulls;RE10418
EMP13320;Silvanus Haysom;RE10419
EMP13321;Evvy Whordley;RE10420
EMP13322;Dana Curzon;RE10421
EMP13323;Deana Alvin;RE10422
EMP13324;Myranda Sprionghall;RE10423
EMP13325;Allx Hepher;RE10424
EMP13326;Kerrie Shepherd;RE10425
EMP13327;Bryan Witherbed;RE10426
EMP13328;Felisha Greenmon;RE10427
EMP13329;Mead Huff;RE10428
EMP13330;Jermain Parkisson;RE10429
EMP13331;Ingamar Asplin;RE10430
EMP13332;Thadeus Rickertsen;RE10431
EMP13333;Monique D'Angeli;RE10432
EMP13334;Row Benian;RE10433
EMP13335;Ethelyn McEntagart;RE10434
EMP13336;Jon Campany;RE10435
EMP13337;Fernanda Jayme;RE10436
EMP13338;Linn Truscott;RE10437
EMP13339;Jody MacCurtain;RE10438
EMP13340;Zebulon Casier;RE10439
EMP13341;Luise Cheverell;RE10440
EMP13342;Florette Runge;RE10441
EMP13343;Tamarah Baynton;RE10442
EMP13344;Belle Dank;RE10443
EMP13345;Evanne Ferrick;RE10444
EMP13346;Ellary Caley;RE10445
EMP13347;Frederigo Jenkerson;RE10446
EMP13348;Stinky Murford;RE10447
EMP13349;Vaclav Rizzardi;RE10448
EMP13350;Jeannie Barkess;RE10449
EMP13351;Caryl Doy;RE10450
EMP13352;Mervin Squire;RE10451
EMP13353;Petey Bacher;RE10452
EMP13354;Aundrea Bittlestone;RE10453
EMP13355;Jake Anthoine;RE10454
EMP13356;Stevana Clyde;RE10455
EMP13357;Joell M'cowis;RE10456
EMP13358;Travis Dancey;RE10457
EMP13359;Carolus Burchett;RE10458
EMP13360;Chere Van Schafflaer;RE10459
EMP13361;Rosie Birrell;RE10460
EMP13362;Arnold Caesmans;RE10461
EMP13363;Bianka Cullen;RE10462
EMP13364;Donny Boecke;RE10463
EMP13365;Madella Barrow;RE10464
EMP13366;Daisi McMillian;RE10465
EMP13367;Dannie Heasman;RE10466
EMP13368;Jacynth Maydwell;RE10467
EMP13369;Rutger Tomczak;RE10468
EMP13370;Doe Gobell;RE10469
EMP13371;Raimund Desaur;RE10470
EMP13372;Bendix Esparza;RE10471
EMP13373;Willis Avery;RE10472
EMP13374;Shanda Poacher;RE10473
EMP13375;Billie Lomasny;RE10474
EMP13376;Belia Boxen;RE10475
EMP13377;Tamas Arrandale;RE10476
EMP13378;Erastus Dell 'Orto;RE10477
EMP13379;Richard Prantoni;RE10478
EMP13380;Reggy Ilewicz;RE10479
EMP13381;Olivie Wintersgill;RE10480
EMP13382;Celinka Sackey;RE10481
EMP13383;Rice Pietzner;RE10482
EMP13384;Sharl Prescot;RE10483
EMP13385;Cordell Gell;RE10484
EMP13386;Joachim Plowes;RE10485
EMP13387;Christian Ruggieri;RE10486
EMP13388;Eula Roake;RE10487
EMP13389;Norry Lifton;RE10488
EMP13390;Emile Christley;RE10489
EMP13391;Bradly Domeny;RE10490
EMP13392;Nat Markus;RE10491
EMP13393;Chiquia Gynni;RE10492
EMP13394;Kimbra Hendin;RE10493
EMP13395;Helaine Try;RE10494
EMP13396;Danice Swateridge;RE10495
EMP13397;Darcy Jamme;RE10496
EMP13398;Ardine Worsnop;RE10497
EMP13399;Faustina Betz;RE10498
EMP13400;Mirella Bozier;RE10499
EMP13401;Homer Shakle;RE10500
EMP13402;Jenifer Theis;RE10501
EMP13403;Dorisa Stent;RE10502
EMP13404;Rodie Segebrecht;RE10503
EMP13405;Meade Giddy;RE10504
EMP13406;Earle Chipping;RE10505
EMP13407;Clementia Lownes;RE10506
EMP13408;Cristina Guppy;RE10507
EMP13409;Kellby Spowage;RE10508
EMP13410;Courtney Pendleton;RE10509
EMP13411;Berry Findley;RE10510
EMP13412;Hewett Osant;RE10511
EMP13413;Gauthier Morl;RE10512
EMP13414;Chauncey Haycraft;RE10513
EMP13415;Trumann Giraudo;RE10514
EMP13416;Jefferson Palomba;RE10515
EMP13417;Lodovico Choak;RE10516
EMP13418;Izak Quiney;RE10517
EMP13419;Franny Writer;RE10518
EMP13420;Alfonso Polin;RE10519
EMP13421;Catlin Stanmer;RE10520
EMP13422;Fleurette Rikard;RE10521
EMP13423;Mill Sindall;RE10522
EMP13424;Jaye Snibson;RE10523
EMP13425;Rafa Himpson;RE10524
EMP13426;Fernandina Didsbury;RE10525
EMP13427;Elmore Selvester;RE10526
EMP13428;Cristi Oldis;RE10527
EMP13429;Krystyna Sleightholm;RE10528
EMP13430;Quinta Jendrassik;RE10529
EMP13431;Elvyn Capaldi;RE10530
EMP13432;Leonerd Lapsley;RE10531
EMP13433;Hastings Whittlesee;RE10532
EMP13434;Maxie Foux;RE10533
EMP13435;Chickie Cornillot;RE10534
EMP13436;Kerrin Whaley;RE10535
EMP13437;Maryl Pestricke;RE10536
EMP13438;Dorian Churching;RE10537
EMP13439;Brendis Nehlsen;RE10538
EMP13440;Sabine Crowder;RE10539
EMP13441;Stevie Tallman;RE10540
EMP13442;Odilia Teager;RE10541
EMP13443;Waiter Shinefield;RE10542
EMP13444;Lon Thurlby;RE10543
EMP13445;Uriel Garbutt;RE10544
EMP13446;Pasquale Curlis;RE10545
EMP13447;Winnah MacGorrie;RE10546
EMP13448;Lawrence Werendell;RE10547
EMP13449;Alix Vasyunkin;RE10548
EMP13450;Vanny Douthwaite;RE10549
EMP13451;Herculie Stace;RE10550
EMP13452;Celisse Allchorn;RE10551
EMP13453;Olympe Pattrick;RE10552
EMP13454;Iris Ramm;RE10553
EMP13455;Rivy Andree;RE10554
EMP13456;Valerie McQuilliam;RE10555
EMP13457;Fanni Caplin;RE10556
EMP13458;Pammy Sanja;RE10557
EMP13459;Gerri Noseworthy;RE10558
EMP13460;Derby Surtees;RE10559
EMP13461;Felita Sabater;RE10560
EMP13462;Allin Dumingo;RE10561
EMP13463;Lorilyn Fearenside;RE10562
EMP13464;Malvin Mathou;RE10563
EMP13465;Ginni Mainston;RE10564
EMP13466;Logan Bachellier;RE10565
EMP13467;Dunstan Enterlein;RE10566
EMP13468;Aldus McNirlan;RE10567
EMP13469;Emory Zapata;RE10568
EMP13470;Meghann Ludy;RE10569
EMP13471;Cissy FitzGibbon;RE10570
EMP13472;Merrilee Frichley;RE10571
EMP13473;Sue Belamy;RE10572
EMP13474;Kassie Cavill;RE10573
EMP13475;Feliza Dessaur;RE10574
EMP13476;Lynsey Foran;RE10575
EMP13477;Husein Guilleton;RE10576
EMP13478;Brad Bulmer;RE10577
EMP13479;Erny Gamblin;RE10578
EMP13480;Jasmine Dunbar;RE10579
EMP13481;Claudette Witul;RE10580
EMP13482;Barrett Eliasen;RE10581
EMP13483;Amata Levis;RE10582
EMP13484;Garek Longford;RE10583
EMP13485;Homere Castiglione;RE10584
EMP13486;Sascha McGebenay;RE10585
EMP13487;Bernadina Bartocci;RE10586
EMP13488;Vittoria Coldicott;RE10587
EMP13489;Angil Baiyle;RE10588
EMP13490;Suzanne Frensch;RE10589
EMP13491;Arthur Juris;RE10590
EMP13492;Denney Escalante;RE10591
EMP13493;Donica Bothram;RE10592
EMP13494;Mata Greaser;RE10593
EMP13495;Adolph Nockolds;RE10594
EMP13496;Em Bercevelo;RE10595
EMP13497;Rori Butterfint;RE10596
EMP13498;Elayne Boutton;RE10597
EMP13499;Etta Humbert;RE10598
EMP13500;Paxon Ogers;RE10599
EMP14001;Valentia Kynsey;RE10100
EMP14002;Felizio MacCarlich;RE10101
EMP14003;Gino Geraud;RE10102
EMP14004;Bernita Roseburgh;RE10103
EMP14005;Jenda Dufton;RE10104
EMP14006;Yuri Comello;RE10105
EMP14007;Tobi Shaves;RE10106
EMP14008;Karl Lakin;RE10107
EMP14009;Letti Boggas;RE10108
EMP14010;Quill Scrowby;RE10109
EMP14011;Zach Armstrong;RE10110
EMP14012;Valentina Bril;RE10111
EMP14013;Aland Crips;RE10112
EMP14014;Fayth Sterte;RE10113
EMP14015;Bridget Fildery;RE10114
EMP14016;Dominick Gartshore;RE10115
EMP14017;Berthe Hansemann;RE10116
EMP14018;Glyn Benzies;RE10117
EMP14019;Joyous Meins;RE10118
EMP14020;Gisele Babinski;RE10119
EMP14021;Tami Howen;RE10120
EMP14022;Brynn Bettley;RE10121
EMP14023;Marline Dorr;RE10122
EMP14024;Elfreda Wardale;RE10123
EMP14025;Prince Callinan;RE10124
EMP14026;Minnnie Oppy;RE10125
EMP14027;Ginnie Batrip;RE10126
EMP14028;Dido Bannard;RE10127
EMP14029;Sandy Jennions;RE10128
EMP14030;Drew Keigher;RE10129
EMP14031;Grissel Uppett;RE10130
EMP14032;Waverley Pimbley;RE10131
EMP14033;Kandy Clough;RE10132
EMP14034;Freddy Burdikin;RE10133
EMP14035;Nolana Boother;RE10134
EMP14036;Rolf Bauser;RE10135
EMP14037;Lazaro Bygrove;RE10136
EMP14038;Derrik Bottomer;RE10137
EMP14039;Elle Paule;RE10138
EMP14040;Matthiew Osselton;RE10139
EMP14041;Erastus Swinerd;RE10140
EMP14042;Raye Clink;RE10141
EMP14043;Victoria Merkel;RE10142
EMP14044;Marley Parram;RE10143
EMP14045;Arabel Domesday;RE10144
EMP14046;Kaspar Ludy;RE10145
EMP14047;Cindi Fernandez;RE10146
EMP14048;Matthiew Tezure;RE10147
EMP14049;Hakeem De la Yglesias;RE10148
EMP14050;Noni Kitlee;RE10149
EMP14051;Hyacintha Hadfield;RE10150
EMP14052;Dannye Tocknell;RE10151
EMP14053;Laurene Mitkov;RE10152
EMP14054;Tremain Ghilardi;RE10153
EMP14055;Devonne Foucar;RE10154
EMP14056;Giles Haresign;RE10155
EMP14057;Hayden Begbie;RE10156
EMP14058;Arlana Elphee;RE10157
EMP14059;Kalvin Hanmer;RE10158
EMP14060;Bronnie Rablen;RE10159
EMP14061;Humphrey Cruden;RE10160
EMP14062;Daune Brennan;RE10161
EMP14063;Mile Egre;RE10162
EMP14064;Babette Spinage;RE10163
EMP14065;Reyna Archbould;RE10164
EMP14066;Titos Ireson;RE10165
EMP14067;Erich Reast;RE10166
EMP14068;Miles Sedcole;RE10167
EMP14069;Igor Bangiard;RE10168
EMP14070;Phoebe Jackman;RE10169
EMP14071;Adelle Chisnall;RE10170
EMP14072;Darrin Mawford;RE10171
EMP14073;Ruperto Sarson;RE10172
EMP14074;Josy Witheridge;RE10173
EMP14075;Randolph Killingback;RE10174
EMP14076;Inesita Bax;RE10175
EMP14077;Mindy Scallan;RE10176
EMP14078;Gunther Aston;RE10177
EMP14079;Frannie Brumwell;RE10178
EMP14080;Sampson Fincher;RE10179
EMP14081;Elisabeth Salsberg;RE10180
EMP14082;Thia Eaglen;RE10181
EMP14083;Alberta Franc;RE10182
EMP14084;Horton Uzielli;RE10183
EMP14085;Tomlin Esplin;RE10184
EMP14086;Fayth Ralston;RE10185
EMP14087;Skyler Godman;RE10186
EMP14088;Eustacia Theobold;RE10187
EMP14089;Annadiane Sokale;RE10188
EMP14090;Lawton Elliss;RE10189
EMP14091;Codie Dmitr;RE10190
EMP14092;Porty Garatty;RE10191
EMP14093;Eddie Beauly;RE10192
EMP14094;Dillie Privost;RE10193
EMP14095;Brigida Teasdale-Markie;RE10194
EMP14096;Base Hazzard;RE10195
EMP14097;Stefa Dahle;RE10196
EMP14098;Inge Eccleshall;RE10197
EMP14099;Bevon McHarry;RE10198
EMP14100;Joli Jurgensen;RE10199
EMP14101;Hubert Loomis;RE10200
EMP14102;Amye Lynds;RE10201
EMP14103;Joelly Morillas;RE10202
EMP14104;Ermentrude Graveston;RE10203
EMP14105;Sophie Guiver;RE10204
EMP14106;Baudoin Rodman;RE10205
EMP14107;Felicia Soldi;RE10206
EMP14108;Louisa Pressman;RE10207
EMP14109;Marina Alberts;RE10208
EMP14110;Fairfax Moggach;RE10209
EMP14111;Hilde Lonergan;RE10210
EMP14112;Bridgette Swayte;RE10211
EMP14113;Eamon Edgar;RE10212
EMP14114;Lewie Babar;RE10213
EMP14115;Lombard Whettleton;RE10214
EMP14116;Delbert Defond;RE10215
EMP14117;Eirena Eddins;RE10216
EMP14118;Kylie Shakesbye;RE10217
EMP14119;Rhett Legan;RE10218
EMP14120;Osbourn Cubberley;RE10219
EMP14121;Maryanna Weben;RE10220
EMP14122;Raychel Rodda;RE10221
EMP14123;Augustine Goodbody;RE10222
EMP14124;Der Prine;RE10223
EMP14125;Lulu Lamswood;RE10224
EMP14126;Fanya Jaffra;RE10225
EMP14127;Joleen Hartburn;RE10226
EMP14128;Becca Ridgeway;RE10227
EMP14129;Dillie De Bischof;RE10228
EMP14130;Isidro Gumley;RE10229
EMP14131;Velvet Cole;RE10230
EMP14132;Bond Gartsyde;RE10231
EMP14133;Antonino Canedo;RE10232
EMP14134;Solomon Birk;RE10233
EMP14135;Nathalie Awmack;RE10234
EMP14136;Dolly Hakeworth;RE10235
EMP14137;Raul Sparrowe;RE10236
EMP14138;Tobie Claiden;RE10237
EMP14139;Brock Selland;RE10238
EMP14140;Edythe Phelit;RE10239
EMP14141;Moyra Ambrogioni;RE10240
EMP14142;Barb Stetson;RE10241
EMP14143;Jordon Govan;RE10242
EMP14144;Bing Gransden;RE10243
EMP14145;Tad Trapp;RE10244
EMP14146;Selia Milne;RE10245
EMP14147;Umberto Arlott;RE10246
EMP14148;Alethea Antonoyev;RE10247
EMP14149;Whitaker Songist;RE10248
EMP14150;Dania Tabrett;RE10249
EMP14151;Diann Regan;RE10250
EMP14152;Faina Baulch;RE10251
EMP14153;Gualterio Leyninye;RE10252
EMP14154;Mellie Keyzman;RE10253
EMP14155;Pierrette Bonhan;RE10254
EMP14156;Vin Hemmingway;RE10255
EMP14157;Sarena Lyness;RE10256
EMP14158;Abelard Brusin;RE10257
EMP14159;Celestina Yelland;RE10258
EMP14160;Clareta Leyninye;RE10259
EMP14161;Walther Trewartha;RE10260
EMP14162;Imogen Corrison;RE10261
EMP14163;Stacy Petchell;RE10262
EMP14164;Alexina Deinhardt;RE10263
EMP14165;Estella Jeenes;RE10264
EMP14166;Eva McSperrin;RE10265
EMP14167;Koressa Pettipher;RE10266
EMP14168;Danielle Sedwick;RE10267
EMP14169;Gustavo Plascott;RE10268
EMP14170;Darin Snyder;RE10269
EMP14171;Gabey Reina;RE10270
EMP14172;Krystyna Evangelinos;RE10271
EMP14173;Leupold Oakenfall;RE10272
EMP14174;Lonnard Francais;RE10273
EMP14175;Calida Quemby;RE10274
EMP14176;Vale Gibbe;RE10275
EMP14177;Shayne Maggill'Andreis;RE10276
EMP14178;Erena Kinglesyd;RE10277
EMP14179;Danni Pitrollo;RE10278
EMP14180;Dorian Iaduccelli;RE10279
EMP14181;Myles Josse;RE10280
EMP14182;Alaine Mantrip;RE10281
EMP14183;Pattie Mation;RE10282
EMP14184;Sallyann Mebs;RE10283
EMP14185;Simone Kelledy;RE10284
EMP14186;Mireille Tabrett;RE10285
EMP14187;Rouvin Noton;RE10286
EMP14188;Gypsy Leathem;RE10287
EMP14189;Terry Wakeham;RE10288
EMP14190;Silvio Grundon;RE10289
EMP14191;Simone Ipplett;RE10290
EMP14192;Cynthia Puttrell;RE10291
EMP14193;Antoni Kinder;RE10292
EMP14194;Stormi Hariot;RE10293
EMP14195;Ravid Caudrelier;RE10294
EMP14196;Judith Joskowitz;RE10295
EMP14197;Filia Fewkes;RE10296
EMP14198;Britteny Emmatt;RE10297
EMP14199;Rozalin Cutriss;RE10298
EMP14200;Jarrett Onians;RE10299
EMP14201;Cindie Vearncombe;RE10300
EMP14202;Onofredo Runcieman;RE10301
EMP14203;Marigold Esherwood;RE10302
EMP14204;Gamaliel Clegg;RE10303
EMP14205;Ciro Klug;RE10304
EMP14206;Carola Ondricek;RE10305
EMP14207;Tybalt Wildber;RE10306
EMP14208;Delcina Wethered;RE10307
EMP14209;Romain Luckcock;RE10308
EMP14210;Hanan Heineke;RE10309
EMP14211;Shirleen Rogers;RE10310
EMP14212;Deanna Grishaev;RE10311
EMP14213;Merridie Flagg;RE10312
EMP14214;Shaine McCutheon;RE10313
EMP14215;Lennard Dearnley;RE10314
EMP14216;Leupold Bullerwell;RE10315
EMP14217;Cathee Pendall;RE10316
EMP14218;Sauveur Nelane;RE10317
EMP14219;Eugenie Crates;RE10318
EMP14220;Warner Gurrado;RE10319
EMP14221;Agustin Kivelle;RE10320
EMP14222;Alfred Andersson;RE10321
EMP14223;Robena Parkins;RE10322
EMP14224;Kesley Gerretsen;RE10323
EMP14225;Ermina Saberton;RE10324
EMP14226;Casar Sprowle;RE10325
EMP14227;Donovan Randle;RE10326
EMP14228;Rhody Adlard;RE10327
EMP14229;Kirbie Gleadhell;RE10328
EMP14230;Allene McLaggan;RE10329
EMP14231;Berna Cooksey;RE10330
EMP14232;Eustacia Buckles;RE10331
EMP14233;Chance Pitcaithley;RE10332
EMP14234;Sissy Ashlee;RE10333
EMP14235;Raquela Staries;RE10334
EMP14236;Curt Comoletti;RE10335
EMP14237;Linnie Columbell;RE10336
EMP14238;Haywood Cropp;RE10337
EMP14239;Kipp Fitzsymon;RE10338
EMP14240;Claudius Frushard;RE10339
EMP14241;Quintana Kempton;RE10340
EMP14242;Bunny McArthur;RE10341
EMP14243;Tate Dunlap;RE10342
EMP14244;Kristofor Kipling;RE10343
EMP14245;Jerrine Rolston;RE10344
EMP14246;Rosana Blackesland;RE10345
EMP14247;Vally Varrow;RE10346
EMP14248;Reynold Thomel;RE10347
EMP14249;Mildred MacPake;RE10348
EMP14250;Leandra Renehan;RE10349
EMP14251;Darsie Gumm;RE10350
EMP14252;Jeane Lyttle;RE10351
EMP14253;Vincents Castles;RE10352
EMP14254;Libbie Faircley;RE10353
EMP14255;Tally Tomkin;RE10354
EMP14256;Buffy Chatwin;RE10355
EMP14257;Avivah Perrygo;RE10356
EMP14258;Felita Byrnes;RE10357
EMP14259;Korney Casely;RE10358
EMP14260;Ysabel Armatys;RE10359
EMP14261;Marni Shipston;RE10360
EMP14262;Ardisj Ferfulle;RE10361
EMP14263;Ruthi Gresswood;RE10362
EMP14264;Thayne Brainsby;RE10363
EMP14265;Kendal Harken;RE10364
EMP14266;Sasha Brownscombe;RE10365
EMP14267;Colline Delacroux;RE10366
EMP14268;Langston Cossor;RE10367
EMP14269;Winnie Criag;RE10368
EMP14270;Sanson Nutt;RE10369
EMP14271;Flor Brownsett;RE10370
EMP14272;Conney Clowney;RE10371
EMP14273;Liz Rahlof;RE10372
EMP14274;Zahara Hazeley;RE10373
EMP14275;Ray Terram;RE10374
EMP14276;Cornela Crevy;RE10375
EMP14277;Ryann Janczyk;RE10376
EMP14278;Theresina Atwool;RE10377
EMP14279;Yasmin Almond;RE10378
EMP14280;Inger Jansson;RE10379
EMP14281;Percy Rubinow;RE10380
EMP14282;Melvin Siege;RE10381
EMP14283;Waylen Middup;RE10382
EMP14284;Arabela Athowe;RE10383
EMP14285;Teodoro Ethington;RE10384
EMP14286;Fitzgerald Olden;RE10385
EMP14287;Livvy Easun;RE10386
EMP14288;Ashlin Chittem;RE10387
EMP14289;Gayleen Ladell;RE10388
EMP14290;Konstantin Thirsk;RE10389
EMP14291;Ebonee Klemmt;RE10390
EMP14292;Colene Sharrard;RE10391
EMP14293;Elyssa Cleave;RE10392
EMP14294;Starlin Tosdevin;RE10393
EMP14295;Patrica Jellings;RE10394
EMP14296;Aundrea Kirman;RE10395
EMP14297;Goldy O' Ronan;RE10396
EMP14298;Cly Hendriksen;RE10397
EMP14299;Etheline Turnor;RE10398
EMP14300;Sandi Maciak;RE10399
EMP14301;Dallis Aymer;RE10400
EMP14302;Rozella Budget;RE10401
EMP14303;Bent Longbothom;RE10402
EMP14304;Rollins Cridge;RE10403
EMP14305;Justina Curror;RE10404
EMP14306;Margarette Guppie;RE10405
EMP14307;Lancelot Loyd;RE10406
EMP14308;Sydney Fosserd;RE10407
EMP14309;Nickie Wellesley;RE10408
EMP14310;Bethena Paul;RE10409
EMP14311;Jessy Tytler;RE10410
EMP14312;Moshe Normington;RE10411
EMP14313;Gare Matiewe;RE10412
EMP14314;Wilbert Calvard;RE10413
EMP14315;Karoly Blaby;RE10414
EMP14316;Melisenda Quinton;RE10415
EMP14317;Bron O' Sullivan;RE10416
EMP14318;Verina Giovannacc@i;RE10417
EMP14319;Reinald McIlwraith;RE10418
EMP14320;Cully Chown;RE10419
EMP14321;Denis Yearn;RE10420
EMP14322;Lucinda Yellop;RE10421
EMP14323;Kathryne Gregory;RE10422
EMP14324;Gherardo Behrens;RE10423
EMP14325;Carolee Alelsandrovich;RE10424
EMP14326;Madlen Christofe;RE10425
EMP14327;Anabel Huelin;RE10426
EMP14328;Cassaundra Grigorkin;RE10427
EMP14329;Dotty Sargison;RE10428
EMP14330;Brett Pelham;RE10429
EMP14331;Maureene Walklate;RE10430
EMP14332;Matthias Full;RE10431
EMP14333;Aridatha Kielty;RE10432
EMP14334;Dorothy Dimanche;RE10433
EMP14335;Zane Hesey;RE10434
EMP14336;Alick Meggison;RE10435
EMP14337;Reagen Pyrah;RE10436
EMP14338;Lindsay Ovize;RE10437
EMP14339;Mary Castana;RE10438
EMP14340;Kennedy Villar;RE10439
EMP14341;Herschel Faire;RE10440
EMP14342;Enrika Beton;RE10441
EMP14343;Shellie Fallon;RE10442
EMP14344;Ottilie De Anesy;RE10443
EMP14345;Christoph Laurenceau;RE10444
EMP14346;Kalvin Clayworth;RE10445
EMP14347;Analiese Mac Geaney;RE10446
EMP14348;Mame Elph;RE10447
EMP14349;Raychel Saggs;RE10448
EMP14350;Edsel Brimner;RE10449
EMP14351;Daveen MacNamara;RE10450
EMP14352;Zed Potte;RE10451
EMP14353;Darren Mustin;RE10452
EMP14354;Jana Clemonts;RE10453
EMP14355;Lorin Lepere;RE10454
EMP14356;Berry Van Driel;RE10455
EMP14357;Elvis Folkerts;RE10456
EMP14358;Jemima Maciejak;RE10457
EMP14359;Joletta Giraudoux;RE10458
EMP14360;Drew McShane;RE10459
EMP14361;Rhodie Baalham;RE10460
EMP14362;Huey Slesser;RE10461
EMP14363;Kara-lynn Kincade;RE10462
EMP14364;Florina Villar;RE10463
EMP14365;Lucy Fogg;RE10464
EMP14366;Olly Jowitt;RE10465
EMP14367;Willy Roxburgh;RE10466
EMP14368;Karil Robottham;RE10467
EMP14369;Robbi Dunn;RE10468
EMP14370;De witt O'Hengerty;RE10469
EMP14371;Max Trunby;RE10470
EMP14372;Merrilee Vaughan-Hughes;RE10471
EMP14373;Jodee Halpeine;RE10472
EMP14374;Alix Miall;RE10473
EMP14375;Marketa Humble;RE10474
EMP14376;Vannie Stoade;RE10475
EMP14377;Reese Konmann;RE10476
EMP14378;Delmer Ceney;RE10477
EMP14379;Valle MacClinton;RE10478
EMP14380;Blancha Peattie;RE10479
EMP14381;Cletus Berthomier;RE10480
EMP14382;Kevan Mathwin;RE10481
EMP14383;Naoma Beekman;RE10482
EMP14384;Garv Whapham;RE10483
EMP14385;Diahann Stackbridge;RE10484
EMP14386;Marlena Moakes;RE10485
EMP14387;Leland Canham;RE10486
EMP14388;Elena McKeighen;RE10487
EMP14389;Barney Mosconi;RE10488
EMP14390;Prissie Mabbott;RE10489
EMP14391;Shoshana Pimer;RE10490
EMP14392;Roy Orsi;RE10491
EMP14393;Silvio Wolfarth;RE10492
EMP14394;Lewie Rapley;RE10493
EMP14395;Gretal Lethley;RE10494
EMP14396;Eward Landeg;RE10495
EMP14397;Bette Cudiff;RE10496
EMP14398;Melissa Feenan;RE10497
EMP14399;Arnaldo Toombes;RE10498
EMP14400;Hanny Barsby;RE10499
EMP14401;Lothaire Sibyllina;RE10500
EMP14402;Britt Cammock;RE10501
EMP14403;Bobina Jovic;RE10502
EMP14404;Dimitry Shovelin;RE10503
EMP14405;Odelle Pencot;RE10504
EMP14406;Brianna FitzAlan;RE10505
EMP14407;Jedidiah Hagerty;RE10506
EMP14408;Cinda Balling;RE10507
EMP14409;Kaylil Peeter;RE10508
EMP14410;Kingsly Coling;RE10509
EMP14411;Katuscha Powe;RE10510
EMP14412;Orlan Rowet;RE10511
EMP14413;Whitman Rosenwald;RE10512
EMP14414;Monty Domican;RE10513
EMP14415;Corina Emlen;RE10514
EMP14416;Jayne Keddie;RE10515
EMP14417;Janette Jzhakov;RE10516
EMP14418;Isidro Buckner;RE10517
EMP14419;Denny Frankom;RE10518
EMP14420;Alexina Pheazey;RE10519
EMP14421;Bette-ann Ost;RE10520
EMP14422;Lexis MacGeaney;RE10521
EMP14423;Bess Beckitt;RE10522
EMP14424;Damiano Fellman;RE10523
EMP14425;Alyssa Pikhno;RE10524
EMP14426;Cathie Falkner;RE10525
EMP14427;Carmelle De Malchar;RE10526
EMP14428;Basile McMechan;RE10527
EMP14429;Liv Woollends;RE10528
EMP14430;Mackenzie Vasenkov;RE10529
EMP14431;Peria Shurville;RE10530
EMP14432;Laurens Terrett;RE10531
EMP14433;Carlynn Manueau;RE10532
EMP14434;Cate Brounfield;RE10533
EMP14435;Ortensia Kowal;RE10534
EMP14436;Powell Philot;RE10535
EMP14437;Ivor Klosser;RE10536
EMP14438;Fionnula Roos;RE10537
EMP14439;Maddy Driussi;RE10538
EMP14440;Kira Lightoller;RE10539
EMP14441;Norman Labram;RE10540
EMP14442;Dusty Oneile;RE10541
EMP14443;Garvin Carnelley;RE10542
EMP14444;Bengt Rickword;RE10543
EMP14445;Letti Jolliffe;RE10544
EMP14446;Heddi Bucham;RE10545
EMP14447;Olin Stritton;RE10546
EMP14448;Edythe Handover;RE10547
EMP14449;Isabeau Farmery;RE10548
EMP14450;Dukie Howbrook;RE10549
EMP14451;Stacey Tomsu;RE10550
EMP14452;Candis Dittson;RE10551
EMP14453;Brenna Dosdale;RE10552
EMP14454;Flori Joselin;RE10553
EMP14455;Ardys Elcomb;RE10554
EMP14456;Riley Anand;RE10555
EMP14457;Flor Ogden;RE10556
EMP14458;Anetta Fullard;RE10557
EMP14459;Augustina Feld;RE10558
EMP14460;Sherri Measor;RE10559
EMP14461;Beatriz Matevosian;RE10560
EMP14462;Claudelle Selborne;RE10561
EMP14463;Harvey Bagniuk;RE10562
EMP14464;Addy Simeonov;RE10563
EMP14465;Nadeen McNysche;RE10564
EMP14466;Simona Abrahamoff;RE10565
EMP14467;Moise Razzell;RE10566
EMP14468;Kile Torel;RE10567
EMP14469;Jdavie Laingmaid;RE10568
EMP14470;Colver Sprott;RE10569
EMP14471;Kelvin Barke;RE10570
EMP14472;Giuseppe Duchenne;RE10571
EMP14473;Dorry Izon;RE10572
EMP14474;Torrin Dunkirk;RE10573
EMP14475;Xenia Lathbury;RE10574
EMP14476;Mady Merrigans;RE10575
EMP14477;Eva Rockell;RE10576
EMP14478;Brandy Goodfellowe;RE10577
EMP14479;Giulio Garmey;RE10578
EMP14480;Loren Twine;RE10579
EMP14481;Kristan Standrin;RE10580
EMP14482;Adrian Hosburn;RE10581
EMP14483;Keslie Pletts;RE10582
EMP14484;Payton Happer;RE10583
EMP14485;Buffy Ettles;RE10584
EMP14486;Mildred Longfut;RE10585
EMP14487;Howey Broxis;RE10586
EMP14488;Boote Jory;RE10587
EMP14489;Frasquito Drohun;RE10588
EMP14490;Burk Lesor;RE10589
EMP14491;Dunn Burdin;RE10590
EMP14492;Sergeant Archbutt;RE10591
EMP14493;Abbie Pittford;RE10592
EMP14494;Hilliary Ragg;RE10593
EMP14495;Shel Dunkerton;RE10594
EMP14496;Twila Moehle;RE10595
EMP14497;Howard Strood;RE10596
EMP14498;Leodora Conley;RE10597
EMP14499;Goddard Durrett;RE10598
EMP14500;Dannye Fraschini;RE10599